[
    {
        "year": 2012,
        "name": "Nanni Moretti",
        "nationality": "Italy",
        "guessed_gender": "male",
        "he_count": 6,
        "she_count": 0,
        "page_link": "https://en.wikipedia.org/wiki/Nanni_Moretti"
    },
    {
        "year": 2012,
        "name": "Hiam Abbass",
        "nationality": "Palestinian Territories",
        "guessed_gender": "female",
        "he_count": 6,
        "she_count": 0,
        "page_link": "https://en.wikipedia.org/wiki/Hiam_Abbass"
    },
    {
        "year": 2012,
        "name": "Andrea Arnold",
        "nationality": "United Kingdom",
        "guessed_gender": "female",
        "he_count": 6,
        "she_count": 0,
        "page_link": "https://en.wikipedia.org/wiki/Andrea_Arnold"
    },
    {
        "year": 2012,
        "name": "Emmanuelle Devos",
        "nationality": "France",
        "guessed_gender": "female",
        "he_count": 6,
        "she_count": 0,
        "page_link": "https://en.wikipedia.org/wiki/Emmanuelle_Devos"
    },
    {
        "year": 2012,
        "name": "Jean Paul Gaulties",
        "nationality": "France",
        "guessed_gender": "male",
        "he_count": 6,
        "she_count": 0,
        "page_link": "https://en.wikipedia.org/wiki/Jean_Paul_Gaultier"
    },
    {
        "year": 2012,
        "name": "Diane Kruger",
        "nationality": "Germany",
        "guessed_gender": "female",
        "he_count": 6,
        "she_count": 0,
        "page_link": "https://en.wikipedia.org/wiki/Diane_Kruger"
    },
    {
        "year": 2012,
        "name": "Ewan McGregor",
        "nationality": "United Kingdom",
        "guessed_gender": "male",
        "he_count": 6,
        "she_count": 0,
        "page_link": "https://en.wikipedia.org/wiki/Ewan_McGregor"
    },
    {
        "year": 2012,
        "name": "Alexander Payne",
        "nationality": "United States of America",
        "guessed_gender": "male",
        "he_count": 6,
        "she_count": 0,
        "page_link": "https://en.wikipedia.org/wiki/Alexander_Payne"
    },
    {
        "year": 2012,
        "name": "Raoul Peck",
        "nationality": "Haiti",
        "guessed_gender": "male",
        "he_count": 6,
        "she_count": 0,
        "page_link": "https://en.wikipedia.org/wiki/Raoul_Peck"
    },
    {
        "year": 2013,
        "name": "Steven Spielberg",
        "nationality": "United States of America",
        "guessed_gender": "male",
        "he_count": 6,
        "she_count": 0,
        "page_link": "https://en.wikipedia.org/wiki/Steven_Spielberg"
    },
    {
        "year": 2013,
        "name": "Daniel Auteuil",
        "nationality": "France",
        "guessed_gender": "male",
        "he_count": 5,
        "she_count": 0,
        "page_link": "https://en.wikipedia.org/wiki/Daniel_Auteuil"
    },
    {
        "year": 2013,
        "name": "Vidya Balan",
        "nationality": "India",
        "guessed_gender": "female",
        "he_count": 0,
        "she_count": 4,
        "page_link": "https://en.wikipedia.org/wiki/Vidya_Balan"
    },
    {
        "year": 2013,
        "name": "Naomi Kawase",
        "nationality": "Japan",
        "guessed_gender": "female",
        "he_count": 0,
        "she_count": 9,
        "page_link": "https://en.wikipedia.org/wiki/Naomi_Kawase"
    },
    {
        "year": 2013,
        "name": "Ang Lee",
        "nationality": "China",
        "guessed_gender": "male",
        "he_count": 3,
        "she_count": 0,
        "page_link": "https://en.wikipedia.org/wiki/Ang_Lee"
    },
    {
        "year": 2013,
        "name": "Nicole Kidman",
        "nationality": "Australia",
        "guessed_gender": "female",
        "he_count": 0,
        "she_count": 2,
        "page_link": "https://en.wikipedia.org/wiki/Nicole_Kidman"
    },
    {
        "year": 2013,
        "name": "Cristian Mungiu",
        "nationality": "Romania",
        "guessed_gender": "male",
        "he_count": 6,
        "she_count": 0,
        "page_link": "https://en.wikipedia.org/wiki/Cristian_Mungiu"
    },
    {
        "year": 2013,
        "name": "Lynne Ramsay",
        "nationality": "United Kingdom",
        "guessed_gender": "female",
        "he_count": 0,
        "she_count": 1,
        "page_link": "https://en.wikipedia.org/wiki/Lynne_Ramsay"
    },
    {
        "year": 2013,
        "name": "Christoph Waltz",
        "nationality": "Germany",
        "guessed_gender": "male",
        "he_count": 7,
        "she_count": 0,
        "page_link": "https://en.wikipedia.org/wiki/Christoph_Waltz"
    },
    {
        "year": 2013,
        "name": "Christoph Waltz",
        "nationality": "Austria",
        "guessed_gender": "male",
        "he_count": 7,
        "she_count": 0,
        "page_link": "https://en.wikipedia.org/wiki/Christoph_Waltz"
    },
    {
        "year": 2014,
        "name": "Jane Campion",
        "nationality": "New Zealand",
        "guessed_gender": "female",
        "he_count": 0,
        "she_count": 6,
        "page_link": "https://en.wikipedia.org/wiki/Jane_Campion"
    },
    {
        "year": 2014,
        "name": "Carole Bouquet",
        "nationality": "France",
        "guessed_gender": "female",
        "he_count": 0,
        "she_count": 2,
        "page_link": "https://en.wikipedia.org/wiki/Carole_Bouquet"
    },
    {
        "year": 2014,
        "name": "Sofia Coppola",
        "nationality": "United States of America",
        "guessed_gender": "female",
        "he_count": 0,
        "she_count": 3,
        "page_link": "https://en.wikipedia.org/wiki/Sofia_Coppola"
    },
    {
        "year": 2014,
        "name": "Leila Hatami",
        "nationality": "Iran",
        "guessed_gender": "female",
        "he_count": 0,
        "she_count": 6,
        "page_link": "https://en.wikipedia.org/wiki/Leila_Hatami"
    },
    {
        "year": 2014,
        "name": "Jeon Do-yeon",
        "nationality": "South Korea",
        "guessed_gender": "female",
        "he_count": 0,
        "she_count": 9,
        "page_link": "https://en.wikipedia.org/wiki/Jeon_Do-yeon"
    },
    {
        "year": 2014,
        "name": "Willem Dafoe",
        "nationality": "United States of America",
        "guessed_gender": "male",
        "he_count": 5,
        "she_count": 0,
        "page_link": "https://en.wikipedia.org/wiki/Willem_Dafoe"
    },
    {
        "year": 2014,
        "name": "Gael Garc\u00eda Bernal",
        "nationality": "Mexico",
        "guessed_gender": "male",
        "he_count": 2,
        "she_count": 0,
        "page_link": "https://en.wikipedia.org/wiki/Gael_Garc%C3%ADa_Bernal"
    },
    {
        "year": 2014,
        "name": "Jia Zhangke",
        "nationality": "China",
        "guessed_gender": "male",
        "he_count": 2,
        "she_count": 0,
        "page_link": "https://en.wikipedia.org/wiki/Jia_Zhangke"
    },
    {
        "year": 2014,
        "name": "Nicolas Winding Refn",
        "nationality": "Denmark",
        "guessed_gender": "male",
        "he_count": 1,
        "she_count": 0,
        "page_link": "https://en.wikipedia.org/wiki/Nicolas_Winding_Refn"
    },
    {
        "year": 2015,
        "name": "Joel and Ethan Coen",
        "nationality": "United States of America",
        "guessed_gender": "male",
        "he_count": 0,
        "she_count": 0,
        "page_link": "https://en.wikipedia.org/wiki/Coen_Brothers"
    },
    {
        "year": 2015,
        "name": "Rossy de Palma",
        "nationality": "Spain",
        "guessed_gender": "female",
        "he_count": 0,
        "she_count": 6,
        "page_link": "https://en.wikipedia.org/wiki/Rossy_de_Palma"
    },
    {
        "year": 2015,
        "name": "Sophie Marceau",
        "nationality": "France",
        "guessed_gender": "female",
        "he_count": 0,
        "she_count": 6,
        "page_link": "https://en.wikipedia.org/wiki/Sophie_Marceau"
    },
    {
        "year": 2015,
        "name": "Sienna Miller",
        "nationality": "United Kingdom",
        "guessed_gender": "female",
        "he_count": 0,
        "she_count": 3,
        "page_link": "https://en.wikipedia.org/wiki/Sienna_Miller"
    },
    {
        "year": 2015,
        "name": "Rokia Traor\u00e9",
        "nationality": "Mali",
        "guessed_gender": "female",
        "he_count": 0,
        "she_count": 2,
        "page_link": "https://en.wikipedia.org/wiki/Rokia_Traor%C3%A9"
    },
    {
        "year": 2015,
        "name": "Guillermo del Toro",
        "nationality": "Mexico",
        "guessed_gender": "male",
        "he_count": 6,
        "she_count": 0,
        "page_link": "https://en.wikipedia.org/wiki/Guillermo_del_Toro"
    },
    {
        "year": 2015,
        "name": "Xavier Dolan",
        "nationality": "Canada",
        "guessed_gender": "male",
        "he_count": 4,
        "she_count": 0,
        "page_link": "https://en.wikipedia.org/wiki/Xavier_Dolan"
    },
    {
        "year": 2015,
        "name": "Jake Gyllenhaal",
        "nationality": "United States of America",
        "guessed_gender": "male",
        "he_count": 5,
        "she_count": 0,
        "page_link": "https://en.wikipedia.org/wiki/Jake_Gyllenhaal"
    },
    {
        "year": 2016,
        "name": "George Miller",
        "nationality": "Australia",
        "guessed_gender": "male",
        "he_count": 1,
        "she_count": 0,
        "page_link": "https://en.wikipedia.org/wiki/George_Miller_(filmmaker)"
    },
    {
        "year": 2016,
        "name": "Arnaud Desplechin",
        "nationality": "France",
        "guessed_gender": "male",
        "he_count": 3,
        "she_count": 0,
        "page_link": "https://en.wikipedia.org/wiki/Arnaud_Desplechin"
    },
    {
        "year": 2016,
        "name": "Kirsten Dunst",
        "nationality": "United States of America",
        "guessed_gender": "female",
        "he_count": 0,
        "she_count": 6,
        "page_link": "https://en.wikipedia.org/wiki/Kirsten_Dunst"
    },
    {
        "year": 2016,
        "name": "Valeria Golino",
        "nationality": "Italy",
        "guessed_gender": "female",
        "he_count": 0,
        "she_count": 15,
        "page_link": "https://en.wikipedia.org/wiki/Valeria_Golino"
    },
    {
        "year": 2016,
        "name": "Mads Mikkelsen",
        "nationality": "Denmark",
        "guessed_gender": "male",
        "he_count": 1,
        "she_count": 0,
        "page_link": "https://en.wikipedia.org/wiki/Mads_Mikkelsen"
    },
    {
        "year": 2016,
        "name": "L\u00e1szl\u00f3 Nemes",
        "nationality": "Hungary",
        "guessed_gender": "male",
        "he_count": 4,
        "she_count": 0,
        "page_link": "https://en.wikipedia.org/wiki/L%C3%A1szl%C3%B3_Nemes"
    },
    {
        "year": 2016,
        "name": "Vanessa Paradis",
        "nationality": "France",
        "guessed_gender": "female",
        "he_count": 0,
        "she_count": 2,
        "page_link": "https://en.wikipedia.org/wiki/Vanessa_Paradis"
    },
    {
        "year": 2016,
        "name": "Katayoon Shahabi",
        "nationality": "Iran",
        "guessed_gender": "female",
        "he_count": 0,
        "she_count": 1,
        "page_link": "https://en.wikipedia.org/wiki/Katayoon_Shahabi"
    },
    {
        "year": 2016,
        "name": "Donald Sutherland",
        "nationality": "Canada",
        "guessed_gender": "male",
        "he_count": 6,
        "she_count": 0,
        "page_link": "https://en.wikipedia.org/wiki/Donald_Sutherland"
    },
    {
        "year": 2017,
        "name": "Pedro Almod\u00f3var",
        "nationality": "Spain",
        "guessed_gender": "male",
        "he_count": 3,
        "she_count": 0,
        "page_link": "https://en.wikipedia.org/wiki/Pedro_Almod%C3%B3var"
    },
    {
        "year": 2017,
        "name": "Maren Ade",
        "nationality": "Germany",
        "guessed_gender": "female",
        "he_count": 0,
        "she_count": 2,
        "page_link": "https://en.wikipedia.org/wiki/Maren_Ade"
    },
    {
        "year": 2017,
        "name": "Fan Bingbing",
        "nationality": "China",
        "guessed_gender": "female",
        "he_count": 0,
        "she_count": 3,
        "page_link": "https://en.wikipedia.org/wiki/Fan_Bingbing"
    },
    {
        "year": 2017,
        "name": "Park Chan-wook",
        "nationality": "South Korea",
        "guessed_gender": "male",
        "he_count": 1,
        "she_count": 0,
        "page_link": "https://en.wikipedia.org/wiki/Park_Chan-wook"
    },
    {
        "year": 2017,
        "name": "Jessica Chastain",
        "nationality": "United States of America",
        "guessed_gender": "female",
        "he_count": 0,
        "she_count": 4,
        "page_link": "https://en.wikipedia.org/wiki/Jessica_Chastain"
    },
    {
        "year": 2017,
        "name": "Agn\u00e8s Jaoui",
        "nationality": "France",
        "guessed_gender": "female",
        "he_count": 0,
        "she_count": 9,
        "page_link": "https://en.wikipedia.org/wiki/Agn%C3%A8s_Jaoui"
    },
    {
        "year": 2017,
        "name": "Will Smith",
        "nationality": "United States of America",
        "guessed_gender": "male",
        "he_count": 2,
        "she_count": 0,
        "page_link": "https://en.wikipedia.org/wiki/Will_Smith"
    },
    {
        "year": 2017,
        "name": "Paolo Sorrentino",
        "nationality": "Italy",
        "guessed_gender": "male",
        "he_count": 1,
        "she_count": 0,
        "page_link": "https://en.wikipedia.org/wiki/Paolo_Sorrentino"
    },
    {
        "year": 2017,
        "name": "Gabriel Yared",
        "nationality": "Lebanon",
        "guessed_gender": "male",
        "he_count": 2,
        "she_count": 0,
        "page_link": "https://en.wikipedia.org/wiki/Gabriel_Yared"
    },
    {
        "year": 2017,
        "name": "Gabriel Yared",
        "nationality": "France",
        "guessed_gender": "male",
        "he_count": 2,
        "she_count": 0,
        "page_link": "https://en.wikipedia.org/wiki/Gabriel_Yared"
    },
    {
        "year": 2018,
        "name": "Cate Blanchett",
        "nationality": "Australia",
        "guessed_gender": "female",
        "he_count": 0,
        "she_count": 4,
        "page_link": "https://en.wikipedia.org/wiki/Cate_Blanchett"
    },
    {
        "year": 2018,
        "name": "Chang Chen",
        "nationality": "China",
        "guessed_gender": "male",
        "he_count": 2,
        "she_count": 0,
        "page_link": "https://en.wikipedia.org/wiki/Chang_Chen"
    },
    {
        "year": 2018,
        "name": "Ava DuVernay",
        "nationality": "United States of America",
        "guessed_gender": "female",
        "he_count": 0,
        "she_count": 4,
        "page_link": "https://en.wikipedia.org/wiki/Ava_DuVernay"
    },
    {
        "year": 2018,
        "name": "Robert Gu\u00e9diguian",
        "nationality": "France",
        "guessed_gender": "male",
        "he_count": 4,
        "she_count": 0,
        "page_link": "https://en.wikipedia.org/wiki/Robert_Gu%C3%A9diguian"
    },
    {
        "year": 2018,
        "name": "Khadja Nin",
        "nationality": "Burundi",
        "guessed_gender": "female",
        "he_count": 0,
        "she_count": 5,
        "page_link": "https://en.wikipedia.org/wiki/Khadja_Nin"
    },
    {
        "year": 2018,
        "name": "L\u00e9a Seydoux",
        "nationality": "France",
        "guessed_gender": "female",
        "he_count": 0,
        "she_count": 3,
        "page_link": "https://en.wikipedia.org/wiki/L%C3%A9a_Seydoux"
    },
    {
        "year": 2018,
        "name": "Kristen Stewart",
        "nationality": "United States of America",
        "guessed_gender": "female",
        "he_count": 0,
        "she_count": 4,
        "page_link": "https://en.wikipedia.org/wiki/Kristen_Stewart"
    },
    {
        "year": 2018,
        "name": "Denis Villeneuve",
        "nationality": "Canada",
        "guessed_gender": "male",
        "he_count": 4,
        "she_count": 0,
        "page_link": "https://en.wikipedia.org/wiki/Denis_Villeneuve"
    },
    {
        "year": 2018,
        "name": "Andrey Zvyagintsev",
        "nationality": "Russia",
        "guessed_gender": "male",
        "he_count": 6,
        "she_count": 0,
        "page_link": "https://en.wikipedia.org/wiki/Andrey_Zvyagintsev"
    },
    {
        "year": 2019,
        "name": "Alejandro Gonz\u00e1lez I\u00f1\u00e1rritu",
        "nationality": "Mexico",
        "guessed_gender": "male",
        "he_count": 1,
        "she_count": 0,
        "page_link": "https://en.wikipedia.org/wiki/Alejandro_Gonz%C3%A1lez_I%C3%B1%C3%A1rritu"
    },
    {
        "year": 2019,
        "name": "Enki Bilal",
        "nationality": "France",
        "guessed_gender": "male",
        "he_count": 3,
        "she_count": 0,
        "page_link": "https://en.wikipedia.org/wiki/Enki_Bilal"
    },
    {
        "year": 2019,
        "name": "Robin Campillo",
        "nationality": "France",
        "guessed_gender": "male",
        "he_count": 2,
        "she_count": 0,
        "page_link": "https://en.wikipedia.org/wiki/Robin_Campillo"
    },
    {
        "year": 2019,
        "name": "Maimouna N'Diaye",
        "nationality": "France",
        "guessed_gender": "female",
        "he_count": 0,
        "she_count": 7,
        "page_link": "https://en.wikipedia.org/wiki/Maimouna_N%27Diaye"
    },
    {
        "year": 2019,
        "name": "Elle Fanning",
        "nationality": "United States of America",
        "guessed_gender": "female",
        "he_count": 0,
        "she_count": 7,
        "page_link": "https://en.wikipedia.org/wiki/Elle_Fanning"
    },
    {
        "year": 2019,
        "name": "Yorgos Lanthimos",
        "nationality": "Greece",
        "guessed_gender": "male",
        "he_count": 5,
        "she_count": 0,
        "page_link": "https://en.wikipedia.org/wiki/Yorgos_Lanthimos"
    },
    {
        "year": 2019,
        "name": "Pawe\u0142 Pawlikowski",
        "nationality": "Poland",
        "guessed_gender": "male",
        "he_count": 6,
        "she_count": 0,
        "page_link": "https://en.wikipedia.org/wiki/Pawe%C5%82_Pawlikowski"
    },
    {
        "year": 2019,
        "name": "Kelly Reichardt",
        "nationality": "United States of America",
        "guessed_gender": "female",
        "he_count": 0,
        "she_count": 2,
        "page_link": "https://en.wikipedia.org/wiki/Kelly_Reichardt"
    },
    {
        "year": 2019,
        "name": "Alice Rohrwacher",
        "nationality": "Italy",
        "guessed_gender": "female",
        "he_count": 0,
        "she_count": 3,
        "page_link": "https://en.wikipedia.org/wiki/Alice_Rohrwacher"
    },
    {
        "year": 2020,
        "name": "Claire Burger",
        "nationality": "France",
        "guessed_gender": "female",
        "he_count": 4,
        "she_count": 0,
        "page_link": "https://en.wikipedia.org/wiki/Spike_Lee"
    },
    {
        "year": 2020,
        "name": "Damien Bonnard",
        "nationality": "France",
        "guessed_gender": "male",
        "he_count": 0,
        "she_count": 5,
        "page_link": "https://en.wikipedia.org/wiki/Mati_Diop"
    },
    {
        "year": 2020,
        "name": "Rachid Bouchareb",
        "nationality": "France",
        "guessed_gender": "male",
        "he_count": 0,
        "she_count": 4,
        "page_link": "https://en.wikipedia.org/wiki/Myl%C3%A8ne_Farmer"
    },
    {
        "year": 2020,
        "name": "Charles Gilibert",
        "nationality": "France",
        "guessed_gender": "male",
        "he_count": 0,
        "she_count": 3,
        "page_link": "https://en.wikipedia.org/wiki/Maggie_Gyllenhaal"
    },
    {
        "year": 2020,
        "name": "Dea Kulumbegashvili",
        "nationality": "Georgia",
        "guessed_gender": "female",
        "he_count": 0,
        "she_count": 5,
        "page_link": "https://en.wikipedia.org/wiki/Jessica_Hausner"
    },
    {
        "year": 2020,
        "name": "Céline Sallette",
        "nationality": "France",
        "guessed_gender": "female",
        "he_count": 0,
        "she_count": 5,
        "page_link": "https://en.wikipedia.org/wiki/Jessica_Hausner"
    },
    {
        "year": 2021,
        "name": "Spike Lee",
        "nationality": "United States of America",
        "guessed_gender": "male",
        "he_count": 4,
        "she_count": 0,
        "page_link": "https://en.wikipedia.org/wiki/Spike_Lee"
    },
    {
        "year": 2021,
        "name": "Mati Diop",
        "nationality": "Senegal",
        "guessed_gender": "female",
        "he_count": 0,
        "she_count": 5,
        "page_link": "https://en.wikipedia.org/wiki/Mati_Diop"
    },
    {
        "year": 2021,
        "name": "Mati Diop",
        "nationality": "France",
        "guessed_gender": "female",
        "he_count": 0,
        "she_count": 5,
        "page_link": "https://en.wikipedia.org/wiki/Mati_Diop"
    },
    {
        "year": 2021,
        "name": "Myl\u00e8ne Farmer",
        "nationality": "France",
        "guessed_gender": "female",
        "he_count": 0,
        "she_count": 4,
        "page_link": "https://en.wikipedia.org/wiki/Myl%C3%A8ne_Farmer"
    },
    {
        "year": 2021,
        "name": "Myl\u00e8ne Farmer",
        "nationality": "Canada",
        "guessed_gender": "female",
        "he_count": 0,
        "she_count": 4,
        "page_link": "https://en.wikipedia.org/wiki/Myl%C3%A8ne_Farmer"
    },
    {
        "year": 2021,
        "name": "Maggie Gyllenhaal",
        "nationality": "United States of America",
        "guessed_gender": "female",
        "he_count": 0,
        "she_count": 3,
        "page_link": "https://en.wikipedia.org/wiki/Maggie_Gyllenhaal"
    },
    {
        "year": 2021,
        "name": "Jessica Hausner",
        "nationality": "Austria",
        "guessed_gender": "female",
        "he_count": 0,
        "she_count": 5,
        "page_link": "https://en.wikipedia.org/wiki/Jessica_Hausner"
    },
    {
        "year": 2021,
        "name": "M\u00e9lanie Laurent",
        "nationality": "France",
        "guessed_gender": "female",
        "he_count": 0,
        "she_count": 5,
        "page_link": "https://en.wikipedia.org/wiki/M%C3%A9lanie_Laurent"
    },
    {
        "year": 2021,
        "name": "Kleber Mendon\u00e7a Filho",
        "nationality": "Brazil",
        "guessed_gender": "male",
        "he_count": 4,
        "she_count": 0,
        "page_link": "https://en.wikipedia.org/wiki/Kleber_Mendon%C3%A7a_Filho"
    },
    {
        "year": 2021,
        "name": "Tahar Rahim",
        "nationality": "France",
        "guessed_gender": "male",
        "he_count": 1,
        "she_count": 0,
        "page_link": "https://en.wikipedia.org/wiki/Tahar_Rahim"
    },
    {
        "year": 2021,
        "name": "Song Kang-ho",
        "nationality": "South Korea",
        "guessed_gender": "male",
        "he_count": 1,
        "she_count": 0,
        "page_link": "https://en.wikipedia.org/wiki/Song_Kang-ho"
    }
]
